0,User_interface_design
1,Program_analysis
2,Inequality_(mathematics)
3,Economics
4,Firewall_(computing)
5,Input/output
6,Computational_learning_theory
7,Amortized_analysis
8,Computer_programming
9,Eigenvalues_and_eigenvectors
10,Propositional_calculus
11,Coding_theory
12,File_system
13,Wireless_sensor_network
14,Vector_processor
15,Divide_and_conquer_algorithm
16,Expert_system
17,Recurrence_relation
18,Query_optimization
19,Information_security
20,Computer_multitasking
21,Web_search_engine
22,Stochastic
23,Server_(computing)
24,Distributed_algorithms
25,Internet_Protocol_Suite
26,Functional_programming
27,Floating_point
28,PSPACE
29,Network_security
30,Semidefinite_programming
31,Computer_science
32,Data
33,Computer_network
34,Expected_value
35,Computational_geometry
36,P_versus_NP_problem
37,Cloud_computing
38,Data_mining
39,Multiplication
40,Calculus
41,Malware
42,Integral
43,Sequence_alignment
44,Haskell_(programming_language)
45,Mathematical_induction
46,Random_graph
47,Database_system
48,Software_development
49,Kinematics
50,Image_processing
51,Memory_management
52,Graphics
53,Finite_set
54,Motion_planning
55,Instruction_set
56,Internet
57,Computer_simulation
58,Nonlinear_system
59,Processor_register
60,Tensor
61,Document_classification
62,Scripting_language
63,Mathematics
64,Feature_extraction
65,Information_theory
66,Relational_database
67,Arithmetic
68,Personal_computer
69,Automatic_programming
70,Security
71,SQL
72,Information_assurance
73,Large_deviations_theory
74,Pattern_recognition
75,Graph_coloring
76,Synchronization
77,Cluster_analysis
78,Communications_protocol
79,Packet_switching
80,Deadlock
81,Graph_(mathematics)
82,Atomicity_(database_systems)
83,Computing
84,Microprocessor
85,Application_software
86,Boundary_value_problem
87,Pattern_matching
88,Stochastic_process
89,Analysis_of_algorithms
90,Java_(programming_language)
91,Regular_expression
92,Linear_algebra
93,Bioinformatics
94,Inheritance_(object-oriented_programming)
95,Interface_(computing)
96,Uncertainty
97,C++
98,Undecidable_problem
99,Cryptanalysis
100,Programmer
101,Fast_Fourier_transform
102,Model_of_computation
103,Statistics
104,Computational_science
105,Parallel_computing
106,Differential_equation
107,Queue_(data_structure)
108,System_call
109,3D_modeling
110,Gradient_descent
111,Vulnerability_(computing)
112,Concurrency_(computer_science)
113,Hidden_line_removal
114,Volume_rendering
115,Denotational_semantics
116,Web_service
117,Computer_security
118,Parallel_algorithm
119,Poisson_distribution
120,Markov_process
121,Signal_processing
122,Computational_problem
123,Encryption
124,ML_(programming_language)
125,Interaction_design
126,Generic_programming
127,Transaction_processing
128,Message_passing
129,Statistical_inference
130,Graphical_user_interface
131,Lock_(computer_science)
132,Approximation_algorithm
133,Theoretical_computer_science
134,Algebra
135,Entropy
136,String_(computer_science)
137,Part-of-speech_tagging
138,Machine_learning
139,Graphical_model
140,Lexical_semantics
141,Foundations_of_mathematics
142,Randomization
143,Arithmetic_logic_unit
144,Control_flow
145,Machine_translation
146,Conditional_probability
147,Correlation_and_dependence
148,Recursively_enumerable_set
149,Digital_signature
150,Data_warehouse
151,Software_testing
152,Geometric_modeling
153,Query_language
154,JavaScript
155,Human-computer_interaction
156,GPU
157,Bayesian
158,Design_pattern_(computer_science)
159,Sufficient_statistic
160,Stack_(data_structure)
161,Shading
162,Embedded_system
163,Round-off_error
164,Bayesian_network
165,Scientific_modelling
166,Virtual_reality
167,Software_design
168,Predicate_logic
169,Abstract_data_type
170,Programming_paradigm
171,Pipeline_(computing)
172,Communication
173,Concurrency_control
174,Prolog
175,Time_complexity
176,Quantum_computer
177,Regular_language
178,OSI_model
179,Context-free_language
180,Performance_tuning
181,Exponential_family
182,Database
183,Run_time_(program_lifecycle_phase)
184,Algorithm_design
185,Social_network
186,Shared_memory
187,Mathematical_optimization
188,Type_system
189,Finite_element_method
190,Formal_grammar
191,Decision_theory
192,World_Wide_Web
193,Number_theory
194,Recursion
195,Formal_language
196,Concurrent_computing
197,Scheduling_(computing)
198,Relational_algebra
199,Formal_methods
200,Computer_software
201,Lazy_evaluation
202,Assembly_language
203,PageRank
204,Semantics
205,Garbage_collection_(computer_science)
206,Newton's_method
207,Linear_system
208,Geometry
209,Routing
210,Context-free_grammar
211,Randomness
212,Calculus_of_variations
213,Model_checking
214,Numerical_analysis
215,Telecommunications_network
216,Big_data
217,Halting_problem
218,Complexity_class
219,Computer_vision
220,Logic_programming
221,Ray_tracing_(graphics)
222,Fourier_analysis
223,Scope_(computer_science)
224,Program_optimization
225,Message_Passing_Interface
226,Polymorphism_(computer_science)
227,Database_normalization
228,Robotics
229,Operating_system
230,NP_(complexity)
231,Automated_planning_and_scheduling
232,Probability_theory
233,Unsupervised_learning
234,Genetic_algorithm
235,Data_structure
236,Finite_difference
237,Integer
238,User_interface
239,Graph_theory
240,Monte_Carlo_method
241,Partial_differential_equation
242,Index_(database)
243,Parsing
244,Compiler_optimization
245,Software_framework
246,Congestion_control
247,3D_computer_graphics
248,hypothesis_testing
249,Very_long_instruction_word
250,Higher-order_function
251,Abstraction_(computer_science)
252,Modular_programming
253,Debugging
254,Syntax
255,Flow_network
256,Mathematical_model
257,Programming_language
258,Mobile_device
259,Computability
260,Cryptography
261,Database_design
262,Monad_(functional_programming)
263,Theory_of_computation
264,System_programming
265,Visualization_(computer_graphics)
266,Estimation_theory
267,Sparse_matrix
268,Artificial_intelligence
269,Reason
270,Sentiment_analysis
271,Quantum_mechanics
272,Rendering_(computer_graphics)
273,Hash_table
274,Application_programming_interface
275,Web_server
276,MapReduce
277,Inter-process_communication
278,Programming_style
279,Interactivity
280,Digital_electronics
281,Database_transaction
282,Cache_coherence
283,Perl
284,Traffic_analysis
285,Computer_animation
286,Authentication
287,Computational_chemistry
288,Semantics_of_programming_languages
289,"Best,_worst_and_average_case"
290,Image_analysis
291,Kernel_(computing)
292,Logic
293,Finite-state_machine
294,Fixed_point_(mathematics)
295,Game_theory
296,Array_data_structure
297,Random_walk
298,Iterative_method
299,Interpolation
300,Automated_theorem_proving
301,Neural_network
302,Computer_graphics
303,Introduction_to_Algorithms
304,Discrete_mathematics
305,MATLAB
306,Modular_arithmetic
307,Kalman_filter
308,Continuous_function
309,Memory_hierarchy
310,Algorithm
311,Autonomous_robot
312,Symmetric_multiprocessing
313,Robot
314,Database_management_system
315,Hidden_Markov_model
316,Virtual_memory
317,Natural_language_processing
318,Linked_list
319,Peer-to-peer
320,Lisp_(programming_language)
321,C_(programming_language)
322,Prediction
323,Computer
324,Lexical_analysis
325,Quantum_cryptography
326,Superscalar
327,Suffix_tree
328,Mutual_exclusion
329,Multi-core_processor
330,Polynomial
331,Unix
332,Matrix_(mathematics)
333,Question_answering
334,Reinforcement_learning
335,Automata_theory
336,Shortest_path_problem
337,Probability
338,Dynamic_memory_allocation
339,Knowledge_representation_and_reasoning
340,Spanning_tree
341,Ordinary_differential_equation
342,HTML
343,Complexity
344,CPU_cache
345,Software_engineering
346,Recommender_system
347,Data_type
348,High-level_programming_language
349,Speech_recognition
350,Parametric_polymorphism
351,Randomized_algorithm
352,Python_(programming_language)
353,Microcode
354,Cryptographic_hash_function
355,Procedural_programming
356,Martingale_(probability_theory)
357,Asymptotic_analysis
358,NP-complete
359,Markov_chain
360,Combinational_logic
361,Wavelet
362,Turing_machine
363,Imperative_programming
364,B-tree
365,Scientific_visualization
366,Linear_programming
367,First-order_logic
368,Formal_verification
369,Image
370,Data_analysis
371,Support_vector_machine
372,Random_variable
373,Dynamic_programming
374,Web_browser
375,Inference
376,Data_(computing)
377,Problem_solving
378,Structured_programming
379,List_of_undecidable_problems
380,Least_squares
381,Computation
382,Object_(computer_science)
383,Mechanical_engineering
384,Relational_model
385,Variable_(computer_science)
386,Scalability
387,Design_of_experiments
388,Public-key_cryptography
389,Distributed_computing
390,Central_processing_unit
391,Mathematical_proof
392,Symbol_table
393,Approximation
394,Pushdown_automata
395,Object-oriented_programming
396,Computer_architecture
397,Computational_complexity_theory
398,Recursion_(computer_science)
399,String_searching_algorithm
400,Natural_language
401,Thread_(computer_science)
402,Compiler
403,Profiling_(computer_programming)
404,Combinatorics
405,Motion_capture
