0,xZk8qwG0AM8
1,FJNAokhimfg
2,gbOc1Hw5Ifc
3,xs7M3wmoGUc
4,-2hpoIjNSb4
5,c3OLRBt8TI4
6,CoBIpAZQYiA
7,dwR1R-L9HEU
8,ZfB5I0wmu1s
9,LJpwQ2da8ss
10,yE8oCPmKX0I
11,TVYgu5tXlX4
12,VIQ5jto-nUA
13,xKJjyn8DaAw
14,m_Eu74e9S_A
15,oFOPRPufisk
16,fH4zUvUVXn8
17,FO5XLAMh9E0
18,GlobK-eWDSo
19,Bwo2oD8cu68
20,764m9ESzLvw
21,6CCwWCstDGc
22,MPoMnU2aGhk
23,gv1SKCt0vnc
24,FACJs5M1ypQ
25,H00_PVX2bRw
26,5c41KiZXh-M
27,uZlSDHHyzoQ
28,_SxlpxqIs-s
29,0IgOapAtauM
30,0xVl2_qvj1I
31,a-Xerqadt6I
32,b3OPl5wS4AQ
33,mabRepmXLGA
34,ag4OdO6q5uc
35,0lBdSoKh5L4
36,pt-OOSSGezc
37,1-NW2fKIyLQ
38,BM24sU2Xm7w
39,5uic4Y2T9mU
40,ySTr4TO3IiU
41,hY6lydCMQB0
42,FLg6PIIs6ko
43,VIQCMDouxKo
44,8s4b8mYCMAE
45,AOnQvbPbP4g
46,KTySRjpj2ss
47,8XAvd2Ey2mQ
48,jI_D3Bzf0u4
49,3Uxw7F75_-8
50,K-_-eGcAJGc
51,ZJLWP103fKw
52,vlFdVYAXIxg
53,yhVLhoN5_vE
54,dAOPcV8jMTo
55,bgHodJrPnAg
56,YGnJyipLKrM
57,F41ED0tK4TA
58,OC7wDFnCimw
59,vWU1Ct271vQ
60,OI4cYnHCHu4
61,mARX-dNTucY
62,VmnzH3GZiKw
63,w-WIQ41cDXI
64,X0oVLO5huc0
65,8z4zUjsZZrs
66,LRGpZI_qPSk
67,KHGxigA8Jko
68,SWs4P1VlBbQ
69,rs84dWPEFGU
70,oCL8hrh95Uc
71,PfCkp4X2gV0
72,ExLO-_btIGM
73,SP5JZXBIQ9c
74,d1DG-wHrlCs
75,fV2k2ivttL0
76,cP1fN6xf3nI
77,8BHpKzahwPM
78,GxSCRLF37z4
79,U8fLEJREP44
80,20J8lr0M1EY
81,-IbOdc46JFU
82,FE3RZsnn2Mo
83,S8qwzHUiRoE
84,XRaDIbBAb98
85,KiA8BnstHLQ
86,vS0khTah3zU
87,qhRq627zvow
88,honXKsVP-wk
89,ok-M86mjfAQ
90,MViI7GPG9xo
91,Pu_ZzCKw1VQ
92,3ye2OXj32DM
93,V4mP2pQyou0
94,ujT6nt_hHEc
95,G3OwDpYTJPE
96,GzpaDTbXMiQ
97,dBeyFiabVIk
98,umRDw1LLjJM
99,sx0UPzztC5o
100,AN5I6fFxyfs
101,IRbggk6J0TA
102,6WLwtYLeaoM
103,9aZ9k_JjYGY
104,Kn5ipjXJvpQ
105,iEPU99cTzXo
106,zkqH74k1fjY
107,S47aSEqm_0I
108,Ptds1GWxfFM
109,MmCppLiUb-k
110,cR4rxllyiCs
111,Zsr8kODwr08
112,PGfG-DPosCA
113,dGqsH-1EWmg
114,z2oM0ct9kuc
115,d39tTuUbDVw
116,7aQgQGeZ_qo
117,Y3z_ywZlPkg
118,qN3g4f2_Xas
119,nRu270DVdTY
120,H8KqNxET-XA
121,KTn2LVhQmf0
122,DNaJV4wqeWI
123,WHWEHwcSI8E
124,TkCYBNUCpnA
125,a5n8TMNbyrg
126,a6NJQ3AMcdo
127,UiZE1-wlb4o
128,GpK36dizqEM
129,cO5KrmSwhl4
130,eCAHcfA-2c8
131,mzfVimVbguQ
132,hVPDals5HDE
133,_45M-dO99-M
134,U8C48-lCa8g
135,dgyPeFemyL8
136,OU3jI8j7Ozw
137,lNkhfuLjK3s
138,nKGjVQWPf4w
139,Nf08BQbZHMQ
140,63M6vaCXQ3c
141,IqdSdbxrTsY
142,qC2hHLlxqPY
143,tORLeHHtazM
144,PpB5D5yI1QY
145,RR6Ben6qVnE
146,ng1oliu806U
147,yxnbvS2t_QA
148,BA1rnEMBjjQ
149,E7RMU8kqyd4
150,XZ8vB81-tV8
151,sG6WGvzmVaw
152,TS2odp6rQHU
153,8vRZi05VE3Q
154,mTQ6pZB62Lg
155,pW1kbWljsAk
156,jqhQx9U9kok
157,oPVj17gB7gY
158,3LqwxAbOXpM
159,CJQ9qrFo5ko
160,0HUU612UuXI
161,1vvOgSqDKpE
162,NpDIRrrXd-Y
163,86gQZEJIjHw
164,A5ts_-xuxnA
165,K6SqhPqL6fY
166,OPqJv609aIc
167,h9CxARIB8gY
168,pGSwasYOv0o
169,gkEJmMFKtzE
170,D-c7QCzEYy4
171,0O-JGqUa1aM
172,PoqDab1JhZY
173,mZr0StOMam4
174,2Wm_zTKWw3U
175,lmXil72qCiQ
176,8I5rpAhYk4Y
177,bLzn6RhSb6I
178,cOpYHlqis3o
179,ELp9ytLjupE
180,QQHlZGDpVyA
181,o4YvZfDjKRo
182,vEy54Wq4Nrw
183,Xg7BhVHXqLo
184,DoNqOcmlg9c
185,uc9QZgWle8U
186,g6ZCpS7Farc
187,LHgp0w8wV78
188,kJBW4Lhz5f4
189,HshE44J_-rY
190,7LGmUi3xS0I
191,omuyzDmNaf4
192,TiwvPlTSqss
193,A-cJBuwLUx8
194,1eUVC4bI7QE
195,VcO3ja6WS2E
196,jK5Mh6d9HiE
197,rFqsuq66Gtc
198,ubM-4lZLnJU
199,fMJl01wbmWE
200,cNsHV9rsCzE
201,Km45DNEa9mI
202,pGT6iJ_z5Vs
203,wuQIHnLr30w
204,TWI19UruijI
205,TbvhGcf6UJU
206,7P53AOKtVdQ
207,zKCr6uDlq1o
208,1foc4sbmQb8
209,BmayUdDaDYM
210,ZKBLirP5jo8
211,kyCibTQQQBE
212,OAOGY8wZOjI
213,Q7hlcuCGbxE
214,VugQE-SRHa0
215,UYv36HV3Sng
216,WnTQTSvpmOs
217,GQvNv9uhmbw
218,TbRVJKDC1rM
219,myr_VzA3tS8
220,DU7IZMciHJE
221,IPlP2R7l-Nc
222,ruClwamT-R0
223,ZPPjW4mqI8I
224,t7d2pbLidqU
225,5pwc2DYlKQU
226,8QpDGVGml6M
227,uyDUmW2ormk
228,cIlKSD8ptAk
229,JRsN4Oz36QU
230,WdqdebPmPuQ
231,Ejpxgrv_9n8
232,FQWTa3XjyWg
233,TfkPs9VvPrY
234,8NcBcsIdPSA
235,vu6eLFmrwaA
236,4Vy_bq1oWyg
237,cqmJoI4QwYg
238,94evBUo8EiE
239,q9THx--fAFw
240,xZpyjp5IVo0
241,o0MyjvrqdiQ
242,VA4kWwJc9Uo
243,AMWwXjiTCRs
244,mAK9KklkRYY
245,_ffzSGKgJcE
246,ZD3Ai0BHYAQ
247,QmoD_ELFMgo
248,QbczPuEphUY
249,QhKIaK4ReUA
250,TNIaPKDu678
251,-zk6FlSADvQ
252,TdtFxXo2zpg
253,GiBG9_6w3hw
254,-_SHiJTOZDc
255,jBUfYN5plOY
256,ThnCx4MTVNw
257,wb6kEUGV7TA
258,-2IIWuAYeVQ
259,wdGiekwXM2w
260,Um0v5t8jjcQ
261,EbNJ05EVXs0
262,6vcdaVuTDT0
263,eGopmXP7j5A
264,lECb8emmN0M
265,m31K9yGf_fQ
266,YZ6ij0EUmKY
267,ifgs0uypC78
268,Yamz14tjcxQ
269,wbp5DDSCrUw
270,AXgfeV568c8
271,93PD9CqcZTg
272,rgf5vvhw0Vo
273,VSA_zJVDuWk
274,gmoC8xC4MGw
275,EUzsy3W4I0g
276,CNu5RDittrE
277,pnunzdvezto
278,TrlqZ_cIKhw
279,bpB2rLqiiJU
280,-veRB2oClx4
281,9LHTQsDspjE
282,wi7T8rP2zMM
283,SO-oXQgvJt4
284,d0OxV2rA398
285,krsvQHIGhvc
286,qAIpx8vKqPw
287,c1Ou_yqXjoo
288,kubJIJMOS8I
289,1qOMlqE6LhU
290,wfvg4rE7WpM
291,ajdPLgNSAgk
292,03fhijH6e2w
293,Xk-MTgB68rQ
294,myVbSSyZtr4
295,LiSEdc9RpLU
296,fJaPlsVIzio
297,CnCFj4o_e9Q
298,QnyLvrVbpTE
299,hfmK6Oc0QlU
300,tnOOiSjTI8I
301,VyeLZQ7cZmI
302,hjVNKeVdKcs
303,ACTFY2k4Fhk
304,2y17L618vWs
305,QEtWL4lWlL4
306,sCmsrSBJT8A
307,ikSbPwwjpKw
308,FKA794QD2fI
309,GH8yBBC9n3Y
310,ceuXLsuZhLE
311,L2oWDL3Msaw
312,mRGQylRWAsI
313,_i4wxceXNsI
314,MKrhoMK7Mn0
315,8PKHtRE2um0
316,BnIlVgZbqV0
317,mMK-TlvH5c4
318,eskFflL7Ny0
319,z2yqmHClVO8
320,frDyLjZva9M
321,Rzl13ESnVWY
322,cJ7hmwHVwtc
323,wkYnrTADrWI
324,CeOV_tVo970
325,AKOWGChr9iA
326,ky17zbYo4Rw
327,Q7pb3EectLo
328,KwMB-JP74YE
329,HNtNeyOVh38
330,k2ajK9uM0Co
331,LQHKz1jcARY
332,4N14CdtvzqM
333,lZJI_Fth66A
334,BF_ngWfgv3g
335,mb5wV4AqXso
336,c59E5b0pcyw
337,SDllHfhXZmQ
338,piuWSMLNeco
339,nc1yivH1Yac
340,RlQYb3FZtQ8
341,RkAE4zE4uSE
342,_Pvu1599vFU
343,qpCvPS-WwGA
344,iMJ1qWKmZXE
345,ATsAl_t52xY
346,OkncKzflw8I
347,tPcTenIPQm4
348,x8s2jJGCT8M
349,Qab0d7rwWhI
350,VYqHjvWQRec
351,zMv5QI-5bjo
352,IBL9MqvpPlM
353,2idtvCcOna8
354,-jtic_EX3xM
355,ZUPE7YEaXbk
356,-4mLOLHSnMw
357,OBp8klRZdDw
358,2Xp1c-Zw1zk
359,0XJPzek__nw
360,YZ_z2mE_6Vs
361,YSr5zmVqZLI
362,g28LSN0cCfw
363,R36g6qit1bE
364,GE1YyJ4A_7w
365,ryKmxjqG_e0
366,ZPQqmocI2kI
367,s7u6Ti1MrmU
368,ayP5Ey-djgw
369,hScleoVj0pw
370,8j4Z0IrS96Q
371,buhZRdH58W0
372,BKkpEjbD8xM
373,q6VbIk4ELAA
374,ILyRgG9Rs0U
375,vo7LN-zMI2s
376,dkAr9ThdSUU
377,EO4B_ykP8f8
378,4kPPSWdKTBw
379,SgXOXg6gYHw
380,y3CtaMFMxjc
381,5wRPin4oxCo
